{"stat.useItem.86":1,"stat.flyOneCm":42984,"stat.deaths":1,"stat.walkOneCm":61808,"stat.drop":5,"stat.jump":192,"stat.swimOneCm":680,"stat.playOneMinute":6814,"achievement.orisitAchievement":1,"achievement.openInventory":12,"stat.fallOneCm":4510,"achievement.coolAchievement":1656,"stat.damageTaken":910,"stat.mineBlock.3":1,"stat.mineBlock.175":2,"achievement.exploreAllBiomes":{"value":0,"progress":["River","Forest","Plains","Taiga","Extreme Hills","TaigaHills"]},"stat.mineBlock.31":1,"stat.diveOneCm":1549}