{"stat.flyOneCm":113920,"stat.killEntity.Skeleton":1,"stat.deaths":1,"stat.walkOneCm":84892,"stat.useItem.50":14,"stat.drop":19,"stat.jump":216,"stat.swimOneCm":22547,"stat.playOneMinute":17042,"achievement.openInventory":23,"stat.fallOneCm":2426,"achievement.coolAchievement":2326,"stat.damageTaken":575,"stat.damageDealt":200,"stat.mineBlock.175":3,"achievement.mineWood":3,"stat.mobKills":1,"achievement.exploreAllBiomes":{"value":0,"progress":["Beach","River","Forest","Plains","Taiga","TaigaHills"]},"stat.diveOneCm":2158}